<?xml version="1.0" encoding="utf-8"?>
<!-- The XPerience Project 2019 -->
<familyset version="22">
    <family name="sans-serif">
        <font weight="100" style="normal">Slate-Thin</font>
        <font weight="100" style="italic">Slate-ThinItalic</font>
        <font weight="300" style="normal">Slate-Light</font>
        <font weight="300" style="italic">Slate-LightItalic</font>
        <font weight="400" style="normal">Slate-Regular.ttf</font>
        <font weight="400" style="italic">Slate-Italic.ttf</font>
        <font weight="500" style="normal">Slate-Medium.ttf</font>
        <font weight="500" style="italic">Slate-MediumItalic.ttf</font>
        <font weight="700" style="normal">Slate-Bold.ttf</font>
        <font weight="700" style="italic">Slate-BoldItalic.ttf</font>
        <font weight="900" style="normal">Slate-Black.ttf</font>
        <font weight="900" style="italic">Slate-Blacktalic.ttf</font>
    </family>

    <alias name="sans-serif-thin" to="sans-serif" weight="100" />
    <alias name="sans-serif-light" to="sans-serif" weight="300" />
    <alias name="sans-serif-medium" to="sans-serif" weight="500" />
    <alias name="sans-serif-black" to="sans-serif" weight="900" />
    <alias name="arial" to="sans-serif" />
    <alias name="helvetica" to="sans-serif" />
    <alias name="tahoma" to="sans-serif" />
    <alias name="verdana" to="sans-serif" />
    <alias name="sans-serif-condensed" to="sans-serif" />
</familyset>
